[
  {
    "name": "小破站",
    "url": "https://blog.misaka.rest/"
  },
  {
    "name": "nekorayPC端",
    "url": "https://github.com/MatsuriDayo/nekoray"
  },
  {
    "name": "wireguard",
    "url": "https://www.wireguard.com/"
  },
  {
    "name": "视频压缩神器",
    "url": "https://handbrake.fr/"
  },
  {
    "name": "Gopeed 一款支持全平台的下载器",
    "url": "https://gopeed.com/zh-CN"
  },
  {
    "name": ".Final2x 图片放大工具",
    "url": "https://github.com/Tohrusky/Final2x/"
  },
  {
    "name": "查询github时间",
    "url": "https://api.github.com/users/limkon"
  },
  {
    "name": "IP优选",
    "url": "https://stock.hostmonit.com/CloudFlareYes"
  },
  {
    "name": "在线播放m3u8",
    "url": "https://m3u8-player.com/"
  },
  {
    "name": "Cloudflare pool",
    "url": "https://www.cloudflare-cn.com/ips/"
  },
  {
    "name": "IP归属",
    "url": "https://whoer.net/zh"
  },
  {
    "name": "接码",
    "url": "https://jiema.pub/"
  },
  {
    "name": "视频下载",
    "url": "https://www.y2mate.com/en798"
  },
  {
    "name": "测速",
    "url": "http://web1.cachefly.net/speedtest/index.html"
  },
  {
    "name": "IP干净度检测",
    "url": "https://scamalytics.com/"
  },
  {
    "name": "播放源",
    "url": "https://9cai888.com/?p=580"
  },
  {
    "name": "城通网盘资源搜索",
    "url": "http://ct.vpan123.com/"
  },
  {
    "name": "系统下载",
    "url": "https://next.itellyou.cn/Original/Index"
  },
  {
    "name": "中医书籍",
    "url": "http://www.liangup.com/archives/category/ebook/%e6%95%99%e7%a8%8b%e7%9b%b8%e5%85%b3/%e5%8c%bb%e5%ad%a6%e7%b3%bb%e5%88%97%e7%94%b5%e5%ad%90%e4%b9%a6/"
  },
  {
    "name": "chatgpt token",
    "url": "https://chat.openai.com/api/auth/session"
  },
  {
    "name": "twitter下载",
    "url": "https://savetwitter.net/zh-cn"
  },
  {
    "name": "分享迷",
    "url": "https://www.fenxm.com/966.html"
  },
  {
    "name": "免费节点合集",
    "url": "https://lucyhuafang.blogspot.com/2023/11/3.html"
  },
  {
    "name": "chatgpt共享账号",
    "url": "https://chat-shared3.zhile.io/shared.html?v=2"
  },
  {
    "name": "免费资源网",
    "url": "https://www.freeaday.com/"
  },
  {
    "name": "青龙面板",
    "url": "https://lon-kjt5.onrender.com/crontab"
  },
  {
    "name": "系统下载 (账号: sukure2002@hotmail.com 密码: 19821124R)",
    "url": "https://next.itellyou.cn/Original/"
  },
  {
    "name": "电子书之家",
    "url": "https://honeypdf.com/index.html"
  },
  {
    "name": "投资云地图",
    "url": "http://new.tzymap.com/#/"
  },
  {
    "name": "信用卡号生成网站Namso-gen",
    "url": "https://namso-gen.com/"
  },
  {
    "name": "信用卡校验测活网站MrChecker",
    "url": "https://checker.top/"
  },
  {
    "name": "卡BIN查询网站",
    "url": "https://bincheck.io/zh"
  },
  {
    "name": "虚拟地址生成网站",
    "url": "https://www.ssnzk.com/"
  },
  {
    "name": "中转",
    "url": "https://gofile.io/d/1329502c-14f1-47f8-853a-2e39dc702873"
  },
  {
    "name": "banhee",
    "url": "https://www.4khd.com/content/12/banhee-web-leak.html"
  },
  {
    "name": "工具大师",
    "url": "https://freev2ray.top/V2raygjdsnew668253.txt"
  }
]
